Rocco Lampone,547335290,997149963
Vito Corleone,375858232,547335290
Michael Corleone,826796521,997149963
Rocco Lampone,547335290,694005750
Vito Corleone,375858232,547335290
Michael Corleone,826796521,266347564
Tom Hagen,266347564,826796521
Michael Corleone,826796521,997149963
Luca Brasi,997149963,375858232
Michael Corleone,826796521,694005750
Tom Hagen,266347564,547335290
Luca Brasi,997149963,547335290
Michael Corleone,826796521,694005750
Johny Fontane,694005750,375858232
Rocco Lampone,547335290,997149963
Johny Fontane,694005750,375858232
Luca Brasi,997149963,266347564
Luca Brasi,997149963,547335290
Luca Brasi,997149963,547335290
Tom Hagen,266347564,694005750
Rocco Lampone,547335290,694005750
Tom Hagen,266347564,547335290
Rocco Lampone,547335290,375858232
Luca Brasi,997149963,375858232
Tom Hagen,266347564,375858232
Rocco Lampone,547335290,826796521
Vito Corleone,375858232,266347564
Tom Hagen,266347564,826796521
Vito Corleone,375858232,997149963
Johny Fontane,694005750,375858232
Tom Hagen,266347564,997149963
Rocco Lampone,547335290,826796521
Tom Hagen,266347564,547335290
Luca Brasi,997149963,375858232
Vito Corleone,375858232,547335290
Rocco Lampone,547335290,266347564
Luca Brasi,997149963,266347564
Rocco Lampone,547335290,997149963
Johny Fontane,694005750,826796521
Michael Corleone,826796521,375858232
Vito Corleone,375858232,547335290
Vito Corleone,375858232,266347564
Tom Hagen,266347564,826796521
Michael Corleone,826796521,694005750
Tom Hagen,266347564,997149963
Michael Corleone,826796521,997149963
Tom Hagen,266347564,826796521
Vito Corleone,375858232,547335290
Tom Hagen,266347564,694005750
Vito Corleone,375858232,694005750
Johny Fontane,694005750,266347564
Rocco Lampone,547335290,997149963
Johny Fontane,694005750,375858232
Michael Corleone,826796521,266347564
Tom Hagen,266347564,694005750
Tom Hagen,266347564,826796521
Vito Corleone,375858232,266347564
Rocco Lampone,547335290,826796521
Michael Corleone,826796521,694005750
Luca Brasi,997149963,547335290
Rocco Lampone,547335290,375858232
Tom Hagen,266347564,826796521
Johny Fontane,694005750,266347564
Tom Hagen,266347564,375858232
Johny Fontane,694005750,375858232
Vito Corleone,375858232,997149963
Michael Corleone,826796521,997149963
Luca Brasi,997149963,547335290
Rocco Lampone,547335290,375858232
Rocco Lampone,547335290,694005750
Johny Fontane,694005750,375858232
Michael Corleone,826796521,694005750
Luca Brasi,997149963,547335290
Vito Corleone,375858232,547335290
Rocco Lampone,547335290,375858232
Luca Brasi,997149963,375858232
Johny Fontane,694005750,375858232
Vito Corleone,375858232,694005750
Vito Corleone,375858232,547335290
Luca Brasi,997149963,375858232
Michael Corleone,826796521,266347564
Rocco Lampone,547335290,826796521
Vito Corleone,375858232,694005750
Michael Corleone,826796521,266347564
Vito Corleone,375858232,694005750
Rocco Lampone,547335290,997149963
Johny Fontane,694005750,266347564
Tom Hagen,266347564,694005750
Johny Fontane,694005750,997149963
Luca Brasi,997149963,694005750
Tom Hagen,266347564,375858232
Rocco Lampone,547335290,694005750
Luca Brasi,997149963,547335290
Vito Corleone,375858232,826796521
Luca Brasi,997149963,375858232
Vito Corleone,375858232,547335290
Tom Hagen,266347564,375858232
Luca Brasi,997149963,547335290
Luca Brasi,997149963,826796521
Michael Corleone,826796521,375858232
