Ford,green,4,176
Volvo,black,1,184
Ferrari,black,7,196
Ferrari,black,1,144
Ferrari,white,4,165
BMW,red,2,125
BMW,blue,1,181
Fiat,white,6,156
Volvo,black,6,162
Audi,blue,5,103
Ford,green,2,125
BMW,white,7,144
Ford,black,7,102
Ford,green,7,120
Audi,red,1,145
Aston Martin,white,2,132
BMW,black,4,132
Fiat,black,7,190
BMW,white,4,105
BMW,white,2,128
Audi,blue,6,166
Ford,red,6,154
Fiat,red,5,142
Audi,white,7,180
Volvo,red,3,129
Fiat,white,1,139
Volvo,green,3,128
Ferrari,red,4,196
Volvo,black,3,167
Ford,red,5,191
Ferrari,black,2,120
Volvo,blue,6,173
Ford,black,1,123
Ferrari,blue,5,117
Fiat,red,1,153
BMW,black,2,128
Audi,green,5,142
Volvo,black,1,169
Aston Martin,black,7,138
Fiat,blue,7,168
Aston Martin,green,6,150
Ferrari,blue,1,155
Ford,white,6,159
BMW,green,3,176
Aston Martin,black,7,197
Volvo,blue,4,146
Audi,blue,4,113
Ferrari,blue,3,159
Aston Martin,white,1,144
Ford,red,1,177
Volvo,green,2,121
Volvo,red,4,182
Volvo,white,7,180
Ferrari,black,3,181
Fiat,green,1,175
Ferrari,blue,4,141
Ford,blue,5,162
Aston Martin,white,7,185
Ford,red,6,167
Ferrari,red,4,168
Aston Martin,white,2,136
Aston Martin,black,6,153
Volvo,green,5,161
Aston Martin,white,3,196
BMW,red,4,184
Ford,black,7,190
BMW,green,1,194
Fiat,red,6,102
Fiat,green,6,189
Ferrari,black,2,165
Aston Martin,green,2,137
Fiat,white,1,129
Audi,white,3,117
Audi,blue,3,168
BMW,green,5,113
Ford,blue,5,123
Aston Martin,white,5,184
BMW,blue,2,112
Fiat,green,4,129
Fiat,green,1,187
Ferrari,green,5,135
Fiat,green,6,158
Fiat,black,5,146
Fiat,red,2,117
Aston Martin,blue,6,131
Ford,green,3,173
Ferrari,red,3,121
Ford,black,4,166
Fiat,white,6,112
Fiat,black,1,197
Audi,white,1,151
Ferrari,blue,5,174
Ford,black,5,113
Ferrari,white,2,125
BMW,red,2,176
Fiat,blue,5,178
Ferrari,black,5,158
BMW,black,2,185
BMW,black,1,132
Ferrari,red,6,112
